parfum,maison,url,id,createur
Bonne Étoile Baby Dior,Dior,https://www.fragrantica.com/perfume/Dior/Bonne-Etoile-Baby-Dior-87597.html,87597,Francis Kurkdjian
Chris 1947,Dior,https://www.fragrantica.com/perfume/Dior/Chris-1947-1383.html,1383,
Dior Dior,Dior,https://www.fragrantica.com/perfume/Dior/Dior-Dior-2607.html,2607,Edmond Roudnitska
"Dior Me, Dior Me Not",Dior,https://www.fragrantica.com/perfume/Dior/Dior-Me-Dior-Me-Not-1380.html,1380,
Dior Star,Dior,https://www.fragrantica.com/perfume/Dior/Dior-Star-1296.html,1296,Beatrice Piquet
Diorama,Dior,https://www.fragrantica.com/perfume/Dior/Diorama-2608.html,2608,Edmond Roudnitska
Diorella,Dior,https://www.fragrantica.com/perfume/Dior/Diorella-226.html,226,Edmond Roudnitska
Diorella Parfum,Dior,https://www.fragrantica.com/perfume/Dior/Diorella-Parfum-33613.html,33613,Edmond Roudnitska
Diorever,Dior,https://www.fragrantica.com/perfume/Dior/Diorever-29353.html,29353,
Diorissimo,Dior,https://www.fragrantica.com/perfume/Dior/Diorissimo-224.html,224,Edmond Roudnitska
Diorissimo (2024),Dior,https://www.fragrantica.com/perfume/Dior/Diorissimo-2024-92648.html,92648,Francis Kurkdjian
Diorling,Dior,https://www.fragrantica.com/perfume/Dior/Diorling-6376.html,6376,Paul Vacher
Dolce Vita,Dior,https://www.fragrantica.com/perfume/Dior/Dolce-Vita-222.html,222,"Maurice Roger, Pierre Bourdon"
Eau de Dior Coloressence Energizing,Dior,https://www.fragrantica.com/perfume/Dior/Eau-de-Dior-Coloressence-Energizing-1386.html,1386,Max Gavarry
Eau de Dior Coloressence Relaxing,Dior,https://www.fragrantica.com/perfume/Dior/Eau-de-Dior-Coloressence-Relaxing-1387.html,1387,Domitille Michalon Bertier
Eau de Dolce Vita,Dior,https://www.fragrantica.com/perfume/Dior/Eau-de-Dolce-Vita-2578.html,2578,Jacques Cavallier Belletrud
Eau Fraiche,Dior,https://www.fragrantica.com/perfume/Dior/Eau-Fraiche-227.html,227,Edmond Roudnitska
Eau Svelte,Dior,https://www.fragrantica.com/perfume/Dior/Eau-Svelte-15703.html,15703,
Forever and Ever,Dior,https://www.fragrantica.com/perfume/Dior/Forever-and-Ever-1244.html,1244,
Forever and Ever Dior,Dior,https://www.fragrantica.com/perfume/Dior/Forever-and-Ever-Dior-1245.html,1245,
I Love Dior,Dior,https://www.fragrantica.com/perfume/Dior/I-Love-Dior-1382.html,1382,
Jules,Dior,https://www.fragrantica.com/perfume/Dior/Jules-1243.html,1243,Jean Martel
Jules (2016),Dior,https://www.fragrantica.com/perfume/Dior/Jules-2016-40736.html,40736,
Lily,Dior,https://www.fragrantica.com/perfume/Dior/Lily-2002.html,2002,Florence Idier
Lily Dior,Dior,https://www.fragrantica.com/perfume/Dior/Lily-Dior-2003.html,2003,
Midnight Charm,Dior,https://www.fragrantica.com/perfume/Dior/Midnight-Charm-697.html,697,
Miss Dior Originale Harrods 175 Anniversary Edition Amphora,Dior,https://www.fragrantica.com/perfume/Dior/Miss-Dior-Originale-Harrods-175-Anniversary-Edition-Amphora-97340.html,97340,Francis Kurkdjian
Remember Me,Dior,https://www.fragrantica.com/perfume/Dior/Remember-Me-2001.html,2001,Nathalie Lorson
Sweet Sun,Dior,https://www.fragrantica.com/perfume/Dior/Sweet-Sun-1295.html,1295,
Tendre Poison Brume Parfumée,Dior,https://www.fragrantica.com/perfume/Dior/Tendre-Poison-Brume-Parfumee-101009.html,101009,
Cruise Collection - Escale a Portofino,Dior,https://www.fragrantica.com/perfume/Dior/Cruise-Collection-Escale-a-Portofino-3291.html,3291,François Demachy
Cruise Collection - Escale a Portofino Limited Edition,Dior,https://www.fragrantica.com/perfume/Dior/Cruise-Collection-Escale-a-Portofino-Limited-Edition-82987.html,82987,
Cruise Collection Escale a Parati,Dior,https://www.fragrantica.com/perfume/Dior/Cruise-Collection-Escale-a-Parati-14833.html,14833,François Demachy
Cruise Collection Escale a Pondichery,Dior,https://www.fragrantica.com/perfume/Dior/Cruise-Collection-Escale-a-Pondichery-6027.html,6027,François Demachy
Cruise Collection Escale Aux Marquises,Dior,https://www.fragrantica.com/perfume/Dior/Cruise-Collection-Escale-Aux-Marquises-8824.html,8824,François Demachy
Addict To Life,Dior,https://www.fragrantica.com/perfume/Dior/Addict-To-Life-12109.html,12109,François Demachy
Dior Addict,Dior,https://www.fragrantica.com/perfume/Dior/Dior-Addict-215.html,215,"Christian Dussoulier, Thierry Wasser"
Dior Addict 2,Dior,https://www.fragrantica.com/perfume/Dior/Dior-Addict-2-217.html,217,
Dior Addict 2 Eau Fraiche,Dior,https://www.fragrantica.com/perfume/Dior/Dior-Addict-2-Eau-Fraiche-6687.html,6687,François Demachy
Dior Addict 2 Logomania,Dior,https://www.fragrantica.com/perfume/Dior/Dior-Addict-2-Logomania-1247.html,1247,
Dior Addict 2 Sparkle in Pink,Dior,https://www.fragrantica.com/perfume/Dior/Dior-Addict-2-Sparkle-in-Pink-6209.html,6209,
Dior Addict 2 Summer Breeze,Dior,https://www.fragrantica.com/perfume/Dior/Dior-Addict-2-Summer-Breeze-3190.html,3190,
Dior Addict 2 Summer Litchi,Dior,https://www.fragrantica.com/perfume/Dior/Dior-Addict-2-Summer-Litchi-3442.html,3442,
Dior Addict 2 Summer Peonies,Dior,https://www.fragrantica.com/perfume/Dior/Dior-Addict-2-Summer-Peonies-1246.html,1246,
Dior Addict Dior Twist,Dior,https://www.fragrantica.com/perfume/Dior/Dior-Addict-Dior-Twist-1384.html,1384,
Dior Addict Eau de Parfum,Dior,https://www.fragrantica.com/perfume/Dior/Dior-Addict-Eau-de-Parfum-15270.html,15270,François Demachy
Dior Addict Eau de Parfum (2014),Dior,https://www.fragrantica.com/perfume/Dior/Dior-Addict-Eau-de-Parfum-2014-28201.html,28201,François Demachy
Dior Addict Eau de Toilette,Dior,https://www.fragrantica.com/perfume/Dior/Dior-Addict-Eau-de-Toilette-25159.html,25159,François Demachy
Dior Addict Eau Delice,Dior,https://www.fragrantica.com/perfume/Dior/Dior-Addict-Eau-Delice-18123.html,18123,François Demachy
Dior Addict Eau Fraiche 2004,Dior,https://www.fragrantica.com/perfume/Dior/Dior-Addict-Eau-Fraiche-2004-216.html,216,Thierry Wasser
Dior Addict Eau Fraiche 2012,Dior,https://www.fragrantica.com/perfume/Dior/Dior-Addict-Eau-Fraiche-2012-15268.html,15268,
Dior Addict Eau Fraiche 2014,Dior,https://www.fragrantica.com/perfume/Dior/Dior-Addict-Eau-Fraiche-2014-25611.html,25611,
Dior Addict Eau Sensuelle,Dior,https://www.fragrantica.com/perfume/Dior/Dior-Addict-Eau-Sensuelle-15269.html,15269,
Dior Addict Limited Edition Collect It,Dior,https://www.fragrantica.com/perfume/Dior/Dior-Addict-Limited-Edition-Collect-It-3041.html,3041,
Dior Addict Shine,Dior,https://www.fragrantica.com/perfume/Dior/Dior-Addict-Shine-1513.html,1513,
Dior Homme,Dior,https://www.fragrantica.com/perfume/Dior/Dior-Homme-13015.html,13015,
Dior Homme 2005,Dior,https://www.fragrantica.com/perfume/Dior/Dior-Homme-2005-230.html,230,
Dior Homme 2020,Dior,https://www.fragrantica.com/perfume/Dior/Dior-Homme-2020-58714.html,58714,
Dior Homme Cologne,Dior,https://www.fragrantica.com/perfume/Dior/Dior-Homme-Cologne-1770.html,1770,
Dior Homme Cologne 2013,Dior,https://www.fragrantica.com/perfume/Dior/Dior-Homme-Cologne-2013-17256.html,17256,
Dior Homme Cologne 2022,Dior,https://www.fragrantica.com/perfume/Dior/Dior-Homme-Cologne-2022-72062.html,72062,
Dior Homme Eau for Men,Dior,https://www.fragrantica.com/perfume/Dior/Dior-Homme-Eau-for-Men-22860.html,22860,
Dior Homme Intense 2007,Dior,https://www.fragrantica.com/perfume/Dior/Dior-Homme-Intense-2007-1771.html,1771,
Dior Homme Intense 2011,Dior,https://www.fragrantica.com/perfume/Dior/Dior-Homme-Intense-2011-13016.html,13016,
Dior Homme Intense 2025,Dior,https://www.fragrantica.com/perfume/Dior/Dior-Homme-Intense-2025-101596.html,101596,
Dior Homme Original,Dior,https://www.fragrantica.com/perfume/Dior/Dior-Homme-Original-69010.html,69010,
Dior Homme Parfum,Dior,https://www.fragrantica.com/perfume/Dior/Dior-Homme-Parfum-27417.html,27417,
Dior Homme Parfum 2025,Dior,https://www.fragrantica.com/perfume/Dior/Dior-Homme-Parfum-2025-101016.html,101016,
Dior Homme Sport,Dior,https://www.fragrantica.com/perfume/Dior/Dior-Homme-Sport-4033.html,4033,
Dior Homme Sport 2012,Dior,https://www.fragrantica.com/perfume/Dior/Dior-Homme-Sport-2012-14719.html,14719,
Dior Homme Sport 2017,Dior,https://www.fragrantica.com/perfume/Dior/Dior-Homme-Sport-2017-42974.html,42974,
Dior Homme Sport 2021,Dior,https://www.fragrantica.com/perfume/Dior/Dior-Homme-Sport-2021-71326.html,71326,
Dior Homme Sport Very Cool Spray,Dior,https://www.fragrantica.com/perfume/Dior/Dior-Homme-Sport-Very-Cool-Spray-48208.html,48208,
Dior Homme Voyage,Dior,https://www.fragrantica.com/perfume/Dior/Dior-Homme-Voyage-6017.html,6017,
Dior Passage No.4,Dior,https://www.fragrantica.com/perfume/Dior/Dior-Passage-No-4-1788.html,1788,
Dior Passage No.8,Dior,https://www.fragrantica.com/perfume/Dior/Dior-Passage-No-8-1789.html,1789,
Dior Passage No.9,Dior,https://www.fragrantica.com/perfume/Dior/Dior-Passage-No-9-1790.html,1790,
Dioressence,Dior,https://www.fragrantica.com/perfume/Dior/Dioressence-225.html,225,
Dune,Dior,https://www.fragrantica.com/perfume/Dior/Dune-221.html,221,
Dune Pour Homme,Dior,https://www.fragrantica.com/perfume/Dior/Dune-Pour-Homme-235.html,235,
Dune Sun,Dior,https://www.fragrantica.com/perfume/Dior/Dune-Sun-1381.html,1381,
Eau Sauvage,Dior,https://www.fragrantica.com/perfume/Dior/Eau-Sauvage-231.html,231,
Eau Sauvage Cologne,Dior,https://www.fragrantica.com/perfume/Dior/Eau-Sauvage-Cologne-30854.html,30854,
Eau Sauvage Extreme,Dior,https://www.fragrantica.com/perfume/Dior/Eau-Sauvage-Extreme-232.html,232,
Eau Sauvage Extreme 2010,Dior,https://www.fragrantica.com/perfume/Dior/Eau-Sauvage-Extreme-2010-72771.html,72771,
Eau Sauvage Fraicheur Cuir,Dior,https://www.fragrantica.com/perfume/Dior/Eau-Sauvage-Fraicheur-Cuir-1242.html,1242,
Eau Sauvage Parfum,Dior,https://www.fragrantica.com/perfume/Dior/Eau-Sauvage-Parfum-14811.html,14811,
Eau Sauvage Parfum 2017,Dior,https://www.fragrantica.com/perfume/Dior/Eau-Sauvage-Parfum-2017-43977.html,43977,
Aqua Fahrenheit,Dior,https://www.fragrantica.com/perfume/Dior/Aqua-Fahrenheit-11388.html,11388,
Fahrenheit,Dior,https://www.fragrantica.com/perfume/Dior/Fahrenheit-228.html,228,
Fahrenheit 0 Degree,Dior,https://www.fragrantica.com/perfume/Dior/Fahrenheit-0-Degree-2609.html,2609,
Fahrenheit 32,Dior,https://www.fragrantica.com/perfume/Dior/Fahrenheit-32-987.html,987,
Fahrenheit Absolute,Dior,https://www.fragrantica.com/perfume/Dior/Fahrenheit-Absolute-6555.html,6555,
Fahrenheit Le Parfum,Dior,https://www.fragrantica.com/perfume/Dior/Fahrenheit-Le-Parfum-23099.html,23099,
Fahrenheit Summer,Dior,https://www.fragrantica.com/perfume/Dior/Fahrenheit-Summer-229.html,229,
Fahrenheit Summer 2006,Dior,https://www.fragrantica.com/perfume/Dior/Fahrenheit-Summer-2006-2610.html,2610,
Fahrenheit Summer 2007,Dior,https://www.fragrantica.com/perfume/Dior/Fahrenheit-Summer-2007-4134.html,4134,
Higher,Dior,https://www.fragrantica.com/perfume/Dior/Higher-233.html,233,
Higher Black,Dior,https://www.fragrantica.com/perfume/Dior/Higher-Black-11792.html,11792,
Higher Energy,Dior,https://www.fragrantica.com/perfume/Dior/Higher-Energy-234.html,234,
J'adore,Dior,https://www.fragrantica.com/perfume/Dior/J-adore-210.html,210,
J'Adore Absolu,Dior,https://www.fragrantica.com/perfume/Dior/J-Adore-Absolu-51818.html,51818,
J'adore Adoration en or Limited Edition,Dior,https://www.fragrantica.com/perfume/Dior/J-adore-Adoration-en-or-Limited-Edition-212.html,212,
J'Adore Anniversaire en Or,Dior,https://www.fragrantica.com/perfume/Dior/J-Adore-Anniversaire-en-Or-4497.html,4497,
J'adore Body Mist,Dior,https://www.fragrantica.com/perfume/Dior/J-adore-Body-Mist-66239.html,66239,
J'Adore Collector Anniversary Edition,Dior,https://www.fragrantica.com/perfume/Dior/J-Adore-Collector-Anniversary-Edition-7023.html,7023,
J'adore Eau de Parfum Infinissime x India Mahdavi,Dior,https://www.fragrantica.com/perfume/Dior/J-adore-Eau-de-Parfum-Infinissime-x-India-Mahdavi-71116.html,71116,
J'adore Eau de Toilette 2002,Dior,https://www.fragrantica.com/perfume/Dior/J-adore-Eau-de-Toilette-2002-5.html,5,
J'adore Eau de Toilette 2011,Dior,https://www.fragrantica.com/perfume/Dior/J-adore-Eau-de-Toilette-2011-13017.html,13017,
J'Adore Extrait de Parfum,Dior,https://www.fragrantica.com/perfume/Dior/J-Adore-Extrait-de-Parfum-11398.html,11398,
J'Adore Gold Supreme (Divinement Or),Dior,https://www.fragrantica.com/perfume/Dior/J-Adore-Gold-Supreme-Divinement-Or-4498.html,4498,
J'Adore In Joy,Dior,https://www.fragrantica.com/perfume/Dior/J-Adore-In-Joy-43704.html,43704,
J'Adore Infinissime,Dior,https://www.fragrantica.com/perfume/Dior/J-Adore-Infinissime-62638.html,62638,
J'Adore L'Absolu,Dior,https://www.fragrantica.com/perfume/Dior/J-Adore-L-Absolu-4496.html,4496,
J'Adore L'Absolu,Dior,https://www.fragrantica.com/perfume/Dior/J-Adore-L-Absolu-17148.html,17148,
J'adore L'eau Cologne Florale,Dior,https://www.fragrantica.com/perfume/Dior/J-adore-L-eau-Cologne-Florale-5626.html,5626,
J'Adore L'Or,Dior,https://www.fragrantica.com/perfume/Dior/J-Adore-L-Or-10371.html,10371,
J'Adore L'Or (2017),Dior,https://www.fragrantica.com/perfume/Dior/J-Adore-L-Or-2017-47398.html,47398,
J'adore L'Or (2023),Dior,https://www.fragrantica.com/perfume/Dior/J-adore-L-Or-2023-84202.html,84202,
J'adore Le Jasmin,Dior,https://www.fragrantica.com/perfume/Dior/J-adore-Le-Jasmin-3178.html,3178,
J'adore Lumiere Eau de Toilette,Dior,https://www.fragrantica.com/perfume/Dior/J-adore-Lumiere-Eau-de-Toilette-36495.html,36495,
J'adore Parfum d'Eau,Dior,https://www.fragrantica.com/perfume/Dior/J-adore-Parfum-d-Eau-75642.html,75642,
J'Adore Roller Pearl,Dior,https://www.fragrantica.com/perfume/Dior/J-Adore-Roller-Pearl-53834.html,53834,
J'Adore Summer Fragrance,Dior,https://www.fragrantica.com/perfume/Dior/J-Adore-Summer-Fragrance-4499.html,4499,
J'Adore Voile de Parfum,Dior,https://www.fragrantica.com/perfume/Dior/J-Adore-Voile-de-Parfum-17513.html,17513,
J’Adore Hair Mist,Dior,https://www.fragrantica.com/perfume/Dior/J-Adore-Hair-Mist-46218.html,46218,
J’adore Touche de Parfum,Dior,https://www.fragrantica.com/perfume/Dior/J-adore-Touche-de-Parfum-31714.html,31714,
L'or J'adore The Absolute Perfume,Dior,https://www.fragrantica.com/perfume/Dior/L-or-J-adore-The-Absolute-Perfume-211.html,211,
Joy by Dior,Dior,https://www.fragrantica.com/perfume/Dior/Joy-by-Dior-51285.html,51285,
Joy by Dior Intense,Dior,https://www.fragrantica.com/perfume/Dior/Joy-by-Dior-Intense-56214.html,56214,
Ambre Nuit,Dior,https://www.fragrantica.com/perfume/Dior/Ambre-Nuit-7092.html,7092,
Bois d'Argent,Dior,https://www.fragrantica.com/perfume/Dior/Bois-d-Argent-1377.html,1377,
Cologne Blanche,Dior,https://www.fragrantica.com/perfume/Dior/Cologne-Blanche-1379.html,1379,
Cuir Cannage,Dior,https://www.fragrantica.com/perfume/Dior/Cuir-Cannage-25228.html,25228,
Dior Grand Bal,Dior,https://www.fragrantica.com/perfume/Dior/Dior-Grand-Bal-14984.html,14984,
Eau Noire,Dior,https://www.fragrantica.com/perfume/Dior/Eau-Noire-1378.html,1378,
Fève Délicieuse,Dior,https://www.fragrantica.com/perfume/Dior/Feve-Delicieuse-30164.html,30164,
Gris Montaigne,Dior,https://www.fragrantica.com/perfume/Dior/Gris-Montaigne-17842.html,17842,
La Colle Noire,Dior,https://www.fragrantica.com/perfume/Dior/La-Colle-Noire-38153.html,38153,
La Collection Couturier Parfumeur Cologne Royale,Dior,https://www.fragrantica.com/perfume/Dior/La-Collection-Couturier-Parfumeur-Cologne-Royale-10627.html,10627,
La Collection Couturier Parfumeur Granville,Dior,https://www.fragrantica.com/perfume/Dior/La-Collection-Couturier-Parfumeur-Granville-10630.html,10630,
La Collection Couturier Parfumeur Leather Oud,Dior,https://www.fragrantica.com/perfume/Dior/La-Collection-Couturier-Parfumeur-Leather-Oud-10631.html,10631,
La Collection Couturier Parfumeur Milly-la-Foret,Dior,https://www.fragrantica.com/perfume/Dior/La-Collection-Couturier-Parfumeur-Milly-la-Foret-10633.html,10633,
La Collection Couturier Parfumeur Mitzah,Dior,https://www.fragrantica.com/perfume/Dior/La-Collection-Couturier-Parfumeur-Mitzah-10629.html,10629,
La Collection Couturier Parfumeur New Look 1947,Dior,https://www.fragrantica.com/perfume/Dior/La-Collection-Couturier-Parfumeur-New-Look-1947-10628.html,10628,
La Collection Couturier Parfumeur Patchouli Imperial,Dior,https://www.fragrantica.com/perfume/Dior/La-Collection-Couturier-Parfumeur-Patchouli-Imperial-13292.html,13292,
La Collection Couturier Parfumeur Vetiver,Dior,https://www.fragrantica.com/perfume/Dior/La-Collection-Couturier-Parfumeur-Vetiver-10632.html,10632,
Oud Ispahan,Dior,https://www.fragrantica.com/perfume/Dior/Oud-Ispahan-15231.html,15231,
Rose Star,Dior,https://www.fragrantica.com/perfume/Dior/Rose-Star-106146.html,106146,
Les Creations de Monsieur Dior Diorama,Dior,https://www.fragrantica.com/perfume/Dior/Les-Creations-de-Monsieur-Dior-Diorama-10408.html,10408,
Les Creations de Monsieur Dior Diorella,Dior,https://www.fragrantica.com/perfume/Dior/Les-Creations-de-Monsieur-Dior-Diorella-7372.html,7372,
Les Creations de Monsieur Dior Dioressence,Dior,https://www.fragrantica.com/perfume/Dior/Les-Creations-de-Monsieur-Dior-Dioressence-7371.html,7371,
Les Creations de Monsieur Dior Diorissimo Eau de Parfum,Dior,https://www.fragrantica.com/perfume/Dior/Les-Creations-de-Monsieur-Dior-Diorissimo-Eau-de-Parfum-7370.html,7370,
Les Creations de Monsieur Dior Diorissimo Eau de Toilette,Dior,https://www.fragrantica.com/perfume/Dior/Les-Creations-de-Monsieur-Dior-Diorissimo-Eau-de-Toilette-7369.html,7369,
Les Creations de Monsieur Dior Diorissimo Extrait de Parfum,Dior,https://www.fragrantica.com/perfume/Dior/Les-Creations-de-Monsieur-Dior-Diorissimo-Extrait-de-Parfum-7368.html,7368,
Les Creations de Monsieur Dior Diorling,Dior,https://www.fragrantica.com/perfume/Dior/Les-Creations-de-Monsieur-Dior-Diorling-13698.html,13698,
Les Creations de Monsieur Dior Eau Fraiche,Dior,https://www.fragrantica.com/perfume/Dior/Les-Creations-de-Monsieur-Dior-Eau-Fraiche-7373.html,7373,
Les Creations de Monsieur Dior Forever and Ever,Dior,https://www.fragrantica.com/perfume/Dior/Les-Creations-de-Monsieur-Dior-Forever-and-Ever-7374.html,7374,
Ambre Elixir Precieux,Dior,https://www.fragrantica.com/perfume/Dior/Ambre-Elixir-Precieux-22983.html,22983,
Jasmin Elixir Precieux,Dior,https://www.fragrantica.com/perfume/Dior/Jasmin-Elixir-Precieux-76182.html,76182,
Musc Elixir Precieux,Dior,https://www.fragrantica.com/perfume/Dior/Musc-Elixir-Precieux-22984.html,22984,
Oud Elixir Precieux,Dior,https://www.fragrantica.com/perfume/Dior/Oud-Elixir-Precieux-22985.html,22985,
Patchouli Elixir Precieux,Dior,https://www.fragrantica.com/perfume/Dior/Patchouli-Elixir-Precieux-76183.html,76183,
Rose Elixir Precieux,Dior,https://www.fragrantica.com/perfume/Dior/Rose-Elixir-Precieux-22982.html,22982,
Diorissimo Extrait de Parfum,Dior,https://www.fragrantica.com/perfume/Dior/Diorissimo-Extrait-de-Parfum-26210.html,26210,
J'Adore Extrait de Parfum,Dior,https://www.fragrantica.com/perfume/Dior/J-Adore-Extrait-de-Parfum-26206.html,26206,
Miss Dior Extrait de Parfum,Dior,https://www.fragrantica.com/perfume/Dior/Miss-Dior-Extrait-de-Parfum-26208.html,26208,
Miss Dior Original Extrait de Parfum,Dior,https://www.fragrantica.com/perfume/Dior/Miss-Dior-Original-Extrait-de-Parfum-26209.html,26209,
Poison Extrait de Parfum,Dior,https://www.fragrantica.com/perfume/Dior/Poison-Extrait-de-Parfum-26207.html,26207,
Ambre Nuit,Dior,https://www.fragrantica.com/perfume/Dior/Ambre-Nuit-48395.html,48395,
Ambre Nuit Esprit De Parfum,Dior,https://www.fragrantica.com/perfume/Dior/Ambre-Nuit-Esprit-De-Parfum-95986.html,95986,
Ambre Nuit New Look Limited Edition,Dior,https://www.fragrantica.com/perfume/Dior/Ambre-Nuit-New-Look-Limited-Edition-71824.html,71824,
Balade Sauvage,Dior,https://www.fragrantica.com/perfume/Dior/Balade-Sauvage-48398.html,48398,
Belle De Jour,Dior,https://www.fragrantica.com/perfume/Dior/Belle-De-Jour-48394.html,48394,
Bois D'Argent,Dior,https://www.fragrantica.com/perfume/Dior/Bois-D-Argent-48396.html,48396,
Bois Talisman,Dior,https://www.fragrantica.com/perfume/Dior/Bois-Talisman-100813.html,100813,
Cheval Blanc Paris,Dior,https://www.fragrantica.com/perfume/Dior/Cheval-Blanc-Paris-69283.html,69283,
Dioramour,Dior,https://www.fragrantica.com/perfume/Dior/Dioramour-48397.html,48397,
Diorissima,Dior,https://www.fragrantica.com/perfume/Dior/Diorissima-48391.html,48391,
Dioriviera,Dior,https://www.fragrantica.com/perfume/Dior/Dioriviera-81847.html,81847,
Eden-Roc,Dior,https://www.fragrantica.com/perfume/Dior/Eden-Roc-66856.html,66856,
Fève Délicieuse (2018),Dior,https://www.fragrantica.com/perfume/Dior/Feve-Delicieuse-2018-48392.html,48392,
Grand Bal (2018),Dior,https://www.fragrantica.com/perfume/Dior/Grand-Bal-2018-48389.html,48389,
Gris Dior,Dior,https://www.fragrantica.com/perfume/Dior/Gris-Dior-48387.html,48387,
Gris Dior Esprit De Parfum,Dior,https://www.fragrantica.com/perfume/Dior/Gris-Dior-Esprit-De-Parfum-95984.html,95984,
Gris Dior New Look Limited Edition,Dior,https://www.fragrantica.com/perfume/Dior/Gris-Dior-New-Look-Limited-Edition-71823.html,71823,
Happy Hour,Dior,https://www.fragrantica.com/perfume/Dior/Happy-Hour-48388.html,48388,
Holy Peony,Dior,https://www.fragrantica.com/perfume/Dior/Holy-Peony-53124.html,53124,
Jasmin Des Anges,Dior,https://www.fragrantica.com/perfume/Dior/Jasmin-Des-Anges-48383.html,48383,
La Colle Noire (2018),Dior,https://www.fragrantica.com/perfume/Dior/La-Colle-Noire-2018-48393.html,48393,
Leather Oud,Dior,https://www.fragrantica.com/perfume/Dior/Leather-Oud-48386.html,48386,
Lucky,Dior,https://www.fragrantica.com/perfume/Dior/Lucky-48385.html,48385,
Lucky Esprit De Parfum,Dior,https://www.fragrantica.com/perfume/Dior/Lucky-Esprit-De-Parfum-95987.html,95987,
New Look 1947,Dior,https://www.fragrantica.com/perfume/Dior/New-Look-1947-48382.html,48382,
New Look 2024,Dior,https://www.fragrantica.com/perfume/Dior/New-Look-2024-88939.html,88939,
Oud Ispahan,Dior,https://www.fragrantica.com/perfume/Dior/Oud-Ispahan-48384.html,48384,
Oud Ispahan Esprit De Parfum,Dior,https://www.fragrantica.com/perfume/Dior/Oud-Ispahan-Esprit-De-Parfum-95985.html,95985,
Oud Ispahan New Look Limited Edition,Dior,https://www.fragrantica.com/perfume/Dior/Oud-Ispahan-New-Look-Limited-Edition-71825.html,71825,
Oud Rosewood,Dior,https://www.fragrantica.com/perfume/Dior/Oud-Rosewood-60318.html,60318,
Patchouli Imperial,Dior,https://www.fragrantica.com/perfume/Dior/Patchouli-Imperial-48381.html,48381,
Purple Oud,Dior,https://www.fragrantica.com/perfume/Dior/Purple-Oud-48376.html,48376,
Rose Gipsy,Dior,https://www.fragrantica.com/perfume/Dior/Rose-Gipsy-48390.html,48390,
Rose Kabuki,Dior,https://www.fragrantica.com/perfume/Dior/Rose-Kabuki-48380.html,48380,
Rouge Trafalgar,Dior,https://www.fragrantica.com/perfume/Dior/Rouge-Trafalgar-58665.html,58665,
Rouge Trafalgar Esprit De Parfum,Dior,https://www.fragrantica.com/perfume/Dior/Rouge-Trafalgar-Esprit-De-Parfum-95983.html,95983,
Sakura,Dior,https://www.fragrantica.com/perfume/Dior/Sakura-48379.html,48379,
Santal Noir,Dior,https://www.fragrantica.com/perfume/Dior/Santal-Noir-48378.html,48378,
Souffle De Soie,Dior,https://www.fragrantica.com/perfume/Dior/Souffle-De-Soie-48377.html,48377,
Spice Blend,Dior,https://www.fragrantica.com/perfume/Dior/Spice-Blend-56055.html,56055,
Terra Bella,Dior,https://www.fragrantica.com/perfume/Dior/Terra-Bella-48374.html,48374,
The Cachemire,Dior,https://www.fragrantica.com/perfume/Dior/The-Cachemire-48371.html,48371,
Tobacolor,Dior,https://www.fragrantica.com/perfume/Dior/Tobacolor-65551.html,65551,
Vanilla Diorama,Dior,https://www.fragrantica.com/perfume/Dior/Vanilla-Diorama-68198.html,68198,
Dior Miss Dior Blooming Bouquet Bobby Limited Edition,Dior,https://www.fragrantica.com/perfume/Dior/Dior-Miss-Dior-Blooming-Bouquet-Bobby-Limited-Edition-64707.html,64707,
Miss Dior,Dior,https://www.fragrantica.com/perfume/Dior/Miss-Dior-223.html,223,
Miss Dior (2012),Dior,https://www.fragrantica.com/perfume/Dior/Miss-Dior-2012-17796.html,17796,
Miss Dior Absolutely Blooming,Dior,https://www.fragrantica.com/perfume/Dior/Miss-Dior-Absolutely-Blooming-39070.html,39070,
Miss Dior Absolutely Blooming Roller Pearl,Dior,https://www.fragrantica.com/perfume/Dior/Miss-Dior-Absolutely-Blooming-Roller-Pearl-48406.html,48406,
Miss Dior Blooming Bouquet,Dior,https://www.fragrantica.com/perfume/Dior/Miss-Dior-Blooming-Bouquet-23280.html,23280,
Miss Dior Blooming Bouquet (2023),Dior,https://www.fragrantica.com/perfume/Dior/Miss-Dior-Blooming-Bouquet-2023-78945.html,78945,
Miss Dior Blooming Bouquet Couture Edition,Dior,https://www.fragrantica.com/perfume/Dior/Miss-Dior-Blooming-Bouquet-Couture-Edition-23281.html,23281,
Miss Dior Blooming Bouquet Roller Pearl,Dior,https://www.fragrantica.com/perfume/Dior/Miss-Dior-Blooming-Bouquet-Roller-Pearl-48407.html,48407,
Miss Dior Bobby Limited Edition,Dior,https://www.fragrantica.com/perfume/Dior/Miss-Dior-Bobby-Limited-Edition-75538.html,75538,
Miss Dior Brume Soyeuse pour le Corps,Dior,https://www.fragrantica.com/perfume/Dior/Miss-Dior-Brume-Soyeuse-pour-le-Corps-37572.html,37572,
Miss Dior Cherie,Dior,https://www.fragrantica.com/perfume/Dior/Miss-Dior-Cherie-213.html,213,
Miss Dior Cherie 2007,Dior,https://www.fragrantica.com/perfume/Dior/Miss-Dior-Cherie-2007-1514.html,1514,
Miss Dior Cherie Blooming Bouquet 2007,Dior,https://www.fragrantica.com/perfume/Dior/Miss-Dior-Cherie-Blooming-Bouquet-2007-3738.html,3738,
Miss Dior Cherie Blooming Bouquet 2011,Dior,https://www.fragrantica.com/perfume/Dior/Miss-Dior-Cherie-Blooming-Bouquet-2011-13143.html,13143,
Miss Dior Cherie Eau de Parfum,Dior,https://www.fragrantica.com/perfume/Dior/Miss-Dior-Cherie-Eau-de-Parfum-11588.html,11588,
Miss Dior Cherie Eau de Printemps,Dior,https://www.fragrantica.com/perfume/Dior/Miss-Dior-Cherie-Eau-de-Printemps-2521.html,2521,
Miss Dior Cherie Eau De Toilette 2010,Dior,https://www.fragrantica.com/perfume/Dior/Miss-Dior-Cherie-Eau-De-Toilette-2010-8208.html,8208,
Miss Dior Cherie Extrait de Parfum,Dior,https://www.fragrantica.com/perfume/Dior/Miss-Dior-Cherie-Extrait-de-Parfum-11399.html,11399,
Miss Dior Cherie L'Eau,Dior,https://www.fragrantica.com/perfume/Dior/Miss-Dior-Cherie-L-Eau-5722.html,5722,
Miss Dior Couture Edition,Dior,https://www.fragrantica.com/perfume/Dior/Miss-Dior-Couture-Edition-13763.html,13763,
Miss Dior Eau de Parfum (2017),Dior,https://www.fragrantica.com/perfume/Dior/Miss-Dior-Eau-de-Parfum-2017-45202.html,45202,
Miss Dior Eau de Parfum (2021),Dior,https://www.fragrantica.com/perfume/Dior/Miss-Dior-Eau-de-Parfum-2021-68905.html,68905,
Miss Dior Eau De Toilette,Dior,https://www.fragrantica.com/perfume/Dior/Miss-Dior-Eau-De-Toilette-17478.html,17478,
Miss Dior Eau de Toilette 2019,Dior,https://www.fragrantica.com/perfume/Dior/Miss-Dior-Eau-de-Toilette-2019-53144.html,53144,
Miss Dior Eau de Toilette Originale,Dior,https://www.fragrantica.com/perfume/Dior/Miss-Dior-Eau-de-Toilette-Originale-23282.html,23282,
Miss Dior Eau de Toilette Roller Pearl 2019,Dior,https://www.fragrantica.com/perfume/Dior/Miss-Dior-Eau-de-Toilette-Roller-Pearl-2019-53145.html,53145,
Miss Dior Eau Fraiche,Dior,https://www.fragrantica.com/perfume/Dior/Miss-Dior-Eau-Fraiche-14152.html,14152,
Miss Dior Edition d’Exception,Dior,https://www.fragrantica.com/perfume/Dior/Miss-Dior-Edition-d-Exception-30169.html,30169,
Miss Dior Esprit de Parfum,Dior,https://www.fragrantica.com/perfume/Dior/Miss-Dior-Esprit-de-Parfum-23283.html,23283,
Miss Dior Le Parfum,Dior,https://www.fragrantica.com/perfume/Dior/Miss-Dior-Le-Parfum-15967.html,15967,
Miss Dior Le Parfum Edition d’Exception,Dior,https://www.fragrantica.com/perfume/Dior/Miss-Dior-Le-Parfum-Edition-d-Exception-30168.html,30168,
Miss Dior Parfum,Dior,https://www.fragrantica.com/perfume/Dior/Miss-Dior-Parfum-11400.html,11400,
Miss Dior Parfum (2024),Dior,https://www.fragrantica.com/perfume/Dior/Miss-Dior-Parfum-2024-89584.html,89584,
Miss Dior Parfum pour Cheveux,Dior,https://www.fragrantica.com/perfume/Dior/Miss-Dior-Parfum-pour-Cheveux-29770.html,29770,
Miss Dior Rose Essence,Dior,https://www.fragrantica.com/perfume/Dior/Miss-Dior-Rose-Essence-73762.html,73762,
Miss Dior Rose N'Roses,Dior,https://www.fragrantica.com/perfume/Dior/Miss-Dior-Rose-N-Roses-58562.html,58562,
Miss Dior Rose N'Roses Roller Pearl,Dior,https://www.fragrantica.com/perfume/Dior/Miss-Dior-Rose-N-Roses-Roller-Pearl-65505.html,65505,
Miss Dior Blooming Bouquet Hair Mist,Dior,https://www.fragrantica.com/perfume/Dior/Miss-Dior-Blooming-Bouquet-Hair-Mist-107260.html,107260,
Miss Dior Eau de Parfum Hair Mist,Dior,https://www.fragrantica.com/perfume/Dior/Miss-Dior-Eau-de-Parfum-Hair-Mist-107262.html,107262,
Miss Dior Parfum Hair Mist,Dior,https://www.fragrantica.com/perfume/Dior/Miss-Dior-Parfum-Hair-Mist-107261.html,107261,
Hypnotic Poison,Dior,https://www.fragrantica.com/perfume/Dior/Hypnotic-Poison-219.html,219,
Hypnotic Poison Diable Rouge,Dior,https://www.fragrantica.com/perfume/Dior/Hypnotic-Poison-Diable-Rouge-29212.html,29212,
Hypnotic Poison Eau de Parfum,Dior,https://www.fragrantica.com/perfume/Dior/Hypnotic-Poison-Eau-de-Parfum-23098.html,23098,
Hypnotic Poison Eau Secrete,Dior,https://www.fragrantica.com/perfume/Dior/Hypnotic-Poison-Eau-Secrete-17218.html,17218,
Hypnotic Poison Eau Sensuelle,Dior,https://www.fragrantica.com/perfume/Dior/Hypnotic-Poison-Eau-Sensuelle-9600.html,9600,
Hypnotic Poison Elixir,Dior,https://www.fragrantica.com/perfume/Dior/Hypnotic-Poison-Elixir-3911.html,3911,
Hypnotic Poison Extrait de Parfum,Dior,https://www.fragrantica.com/perfume/Dior/Hypnotic-Poison-Extrait-de-Parfum-11402.html,11402,
Hypnotic Poison Roller Pearl,Dior,https://www.fragrantica.com/perfume/Dior/Hypnotic-Poison-Roller-Pearl-53828.html,53828,
Midnight Poison,Dior,https://www.fragrantica.com/perfume/Dior/Midnight-Poison-1282.html,1282,
Midnight Poison Elixir,Dior,https://www.fragrantica.com/perfume/Dior/Midnight-Poison-Elixir-3909.html,3909,
Midnight Poison Extrait de Parfum,Dior,https://www.fragrantica.com/perfume/Dior/Midnight-Poison-Extrait-de-Parfum-11401.html,11401,
Poison,Dior,https://www.fragrantica.com/perfume/Dior/Poison-218.html,218,
Poison Esprit de Parfum,Dior,https://www.fragrantica.com/perfume/Dior/Poison-Esprit-de-Parfum-34811.html,34811,
Poison Girl,Dior,https://www.fragrantica.com/perfume/Dior/Poison-Girl-35561.html,35561,
Poison Girl Eau De Toilette,Dior,https://www.fragrantica.com/perfume/Dior/Poison-Girl-Eau-De-Toilette-41809.html,41809,
Poison Girl Eau de Toilette Roller Pearl,Dior,https://www.fragrantica.com/perfume/Dior/Poison-Girl-Eau-de-Toilette-Roller-Pearl-53830.html,53830,
Poison Girl Unexpected,Dior,https://www.fragrantica.com/perfume/Dior/Poison-Girl-Unexpected-48031.html,48031,
Poison Girl Unexpected Roller Pearl,Dior,https://www.fragrantica.com/perfume/Dior/Poison-Girl-Unexpected-Roller-Pearl-53831.html,53831,
Pure Poison,Dior,https://www.fragrantica.com/perfume/Dior/Pure-Poison-214.html,214,
Pure Poison Elixir,Dior,https://www.fragrantica.com/perfume/Dior/Pure-Poison-Elixir-796.html,796,
Tendre Poison,Dior,https://www.fragrantica.com/perfume/Dior/Tendre-Poison-220.html,220,
Sauvage,Dior,https://www.fragrantica.com/perfume/Dior/Sauvage-31861.html,31861,
Sauvage Eau de Parfum,Dior,https://www.fragrantica.com/perfume/Dior/Sauvage-Eau-de-Parfum-48100.html,48100,
Sauvage Eau Forte,Dior,https://www.fragrantica.com/perfume/Dior/Sauvage-Eau-Forte-95863.html,95863,
Sauvage Elixir,Dior,https://www.fragrantica.com/perfume/Dior/Sauvage-Elixir-68415.html,68415,
Sauvage Parfum,Dior,https://www.fragrantica.com/perfume/Dior/Sauvage-Parfum-56324.html,56324,
Sauvage Very Cool Spray,Dior,https://www.fragrantica.com/perfume/Dior/Sauvage-Very-Cool-Spray-43933.html,43933,
Dolce Vita Parfum,Dior,https://www.fragrantica.com/perfume/Dior/Dolce-Vita-Parfum-33769.html,33769,
Eau de Cologne aux Fleurs Fraiches,Dior,https://www.fragrantica.com/perfume/Dior/Eau-de-Cologne-aux-Fleurs-Fraiches-87549.html,87549,
Eau de Cologne Fraîche,Dior,https://www.fragrantica.com/perfume/Dior/Eau-de-Cologne-Fraiche-69860.html,69860,
Dioressence Eau Parfumee,Dior,https://www.fragrantica.com/perfume/Dior/Dioressence-Eau-Parfumee-63691.html,63691,
Dioressence Parfum,Dior,https://www.fragrantica.com/perfume/Dior/Dioressence-Parfum-33768.html,33768,
Dune Esprit de Parfum,Dior,https://www.fragrantica.com/perfume/Dior/Dune-Esprit-de-Parfum-29213.html,29213,
Dune Parfum,Dior,https://www.fragrantica.com/perfume/Dior/Dune-Parfum-85003.html,85003,
Eau Sauvage 100% Glaçon,Dior,https://www.fragrantica.com/perfume/Dior/Eau-Sauvage-100-Glacon-36113.html,36113,
Fahrenheit Cologne,Dior,https://www.fragrantica.com/perfume/Dior/Fahrenheit-Cologne-34582.html,34582,
Hypnotic Poison Collector Rubis,Dior,https://www.fragrantica.com/perfume/Dior/Hypnotic-Poison-Collector-Rubis-65948.html,65948,
Poison Eau de Cologne,Dior,https://www.fragrantica.com/perfume/Dior/Poison-Eau-de-Cologne-42581.html,42581,
Poison Parfum,Dior,https://www.fragrantica.com/perfume/Dior/Poison-Parfum-99474.html,99474,
Tendre Poison Parfum,Dior,https://www.fragrantica.com/perfume/Dior/Tendre-Poison-Parfum-78485.html,78485,
